"","name","type","county","pop2020","pop2010","pop_change","mi2","km2","density","date"
"1","Adelanto","City","San Bernardino",38046,"31,765","+19.8%","52.87","136.9","719.6/sq mi (277.8/km2)",1970-12-22
"2","Agoura Hills","City","Los Angeles",20299,"20,330","−0.2%","7.80","20.2","2,602.4/sq mi (1,004.8/km2)",1982-12-08
"3","Alameda","City","Alameda",78280,"73,812","+6.1%","10.45","27.1","7,490.9/sq mi (2,892.3/km2)",1854-04-19
"4","Albany","City","Alameda",20271,"18,539","+9.3%","1.79","4.6","11,324.6/sq mi (4,372.4/km2)",1908-09-22
"5","Alhambra","City","Los Angeles",82868,"83,089","−0.3%","7.63","19.8","10,860.8/sq mi (4,193.4/km2)",1903-07-11
"6","Aliso Viejo","City","Orange",52176,"47,823","+9.1%","6.93","17.9","7,529.0/sq mi (2,907.0/km2)",2001-07-01
"7","Alturas†","City","Modoc",2715,"2,827","−4.0%","2.84","7.4","956.0/sq mi (369.1/km2)",1901-09-16
"8","Amador City","City","Amador",200,"185","+8.1%","0.31","0.80","645.2/sq mi (249.1/km2)",1915-06-02
"9","American Canyon","City","Napa",21837,"19,454","+12.2%","6.09","15.8","3,585.7/sq mi (1,384.5/km2)",1992-01-01
"10","Anaheim","City","Orange",346824,"336,265","+3.1%","50.27","130.2","6,899.2/sq mi (2,663.8/km2)",1876-03-18
"11","Anderson","City","Shasta",11323,"9,932","+14.0%","7.03","18.2","1,610.7/sq mi (621.9/km2)",1956-01-16
"12","Angels Camp","City","Calaveras",3667,"3,836","−4.4%","3.63","9.4","1,010.2/sq mi (390.0/km2)",1912-01-16
"13","Antioch","City","Contra Costa",115291,"102,372","+12.6%","29.17","75.5","3,952.4/sq mi (1,526.0/km2)",1872-02-06
"14","Apple Valley","Town","San Bernardino",75791,"69,135","+9.6%","77.01","199.5","984.2/sq mi (380.0/km2)",1988-11-28
"15","Arcadia","City","Los Angeles",56681,"56,364","+0.6%","10.93","28.3","5,185.8/sq mi (2,002.3/km2)",1903-08-05
"16","Arcata","City","Humboldt",18857,"17,231","+9.4%","9.42","24.4","2,001.8/sq mi (772.9/km2)",1858-02-02
"17","Arroyo Grande","City","San Luis Obispo",18441,"17,252","+6.9%","5.94","15.4","3,104.5/sq mi (1,198.7/km2)",1911-07-10
"18","Artesia","City","Los Angeles",16395,"16,522","−0.8%","1.62","4.2","10,120.4/sq mi (3,907.5/km2)",1959-05-29
"19","Arvin","City","Kern",19495,"19,304","+1.0%","4.82","12.5","4,044.6/sq mi (1,561.6/km2)",1960-12-21
"20","Atascadero","City","San Luis Obispo",29773,"28,310","+5.2%","26.07","67.5","1,142.0/sq mi (440.9/km2)",1979-07-02
"21","Atherton","Town","San Mateo",7188,"6,914","+4.0%","5.02","13.0","1,431.9/sq mi (552.8/km2)",1923-09-12
"22","Atwater","City","Merced",31970,"28,168","+13.5%","6.57","17.0","4,866.1/sq mi (1,878.8/km2)",1922-08-16
"23","Auburn†","City","Placer",13776,"13,330","+3.3%","7.18","18.6","1,918.7/sq mi (740.8/km2)",1888-05-02
"24","Avalon","City","Los Angeles",3460,"3,728","−7.2%","2.89","7.5","1,197.2/sq mi (462.3/km2)",1913-06-26
"25","Avenal","City","Kings",13696,"15,505","−11.7%","19.48","50.5","703.1/sq mi (271.5/km2)",1979-09-11
"26","Azusa","City","Los Angeles",50000,"46,361","+7.8%","9.66","25.0","5,176.0/sq mi (1,998.5/km2)",1898-12-29
"27","Bakersfield†","City","Kern",403455,"347,483","+16.1%","149.78","387.9","2,693.7/sq mi (1,040.0/km2)",1898-01-11
"28","Baldwin Park","City","Los Angeles",72176,"75,390","−4.3%","6.63","17.2","10,886.3/sq mi (4,203.2/km2)",1956-01-25
"29","Banning","City","Riverside",29505,"29,603","−0.3%","23.24","60.2","1,269.6/sq mi (490.2/km2)",1913-02-06
"30","Barstow","City","San Bernardino",25415,"22,639","+12.3%","41.30","107.0","615.4/sq mi (237.6/km2)",1947-09-30
"31","Beaumont","City","Riverside",53036,"36,877","+43.8%","30.32","78.5","1,749.2/sq mi (675.4/km2)",1912-11-18
"32","Bell","City","Los Angeles",33559,"35,477","−5.4%","2.51","6.5","13,370.1/sq mi (5,162.2/km2)",1927-11-07
"33","Bell Gardens","City","Los Angeles",39501,"42,072","−6.1%","2.46","6.4","16,057.3/sq mi (6,199.8/km2)",1961-08-01
"34","Bellflower","City","Los Angeles",79190,"76,616","+3.4%","6.12","15.9","12,939.5/sq mi (4,996.0/km2)",1957-09-03
"35","Belmont","City","San Mateo",28335,"25,835","+9.7%","4.63","12.0","6,119.9/sq mi (2,362.9/km2)",1926-10-29
"36","Belvedere","City","Marin",2126,"2,068","+2.8%","0.52","1.3","4,088.5/sq mi (1,578.6/km2)",1896-12-24
"37","Benicia","City","Solano",27131,"26,997","+0.5%","12.81","33.2","2,118.0/sq mi (817.7/km2)",1850-03-27
"38","Berkeley","City","Alameda",124321,"112,580","+10.4%","10.43","27.0","11,919.6/sq mi (4,602.2/km2)",1878-04-04
"39","Beverly Hills","City","Los Angeles",32701,"34,109","−4.1%","5.71","14.8","5,727.0/sq mi (2,211.2/km2)",1914-01-28
"40","Big Bear Lake","City","San Bernardino",5046,"5,019","+0.5%","6.24","16.2","808.7/sq mi (312.2/km2)",1980-11-28
"41","Biggs","City","Butte",1964,"1,707","+15.1%","0.90","2.3","2,182.2/sq mi (842.6/km2)",1903-06-26
"42","Bishop","City","Inyo",3819,"3,879","−1.5%","1.86","4.8","2,053.2/sq mi (792.8/km2)",1903-05-06
"43","Blue Lake","City","Humboldt",1208,"1,253","−3.6%","0.59","1.5","2,047.5/sq mi (790.5/km2)",1910-04-23
"44","Blythe","City","Riverside",18317,"20,817","−12.0%","26.58","68.8","689.1/sq mi (266.1/km2)",1916-07-21
"45","Bradbury","City","Los Angeles",921,"1,048","−12.1%","1.96","5.1","469.9/sq mi (181.4/km2)",1957-07-26
"46","Brawley","City","Imperial",26416,"24,953","+5.9%","8.12","21.0","3,253.2/sq mi (1,256.1/km2)",1908-04-06
"47","Brea","City","Orange",47325,"39,282","+20.5%","12.17","31.5","3,888.7/sq mi (1,501.4/km2)",1917-02-23
"48","Brentwood","City","Contra Costa",64292,"51,481","+24.9%","14.87","38.5","4,323.6/sq mi (1,669.4/km2)",1948-01-21
"49","Brisbane","City","San Mateo",4851,"4,282","+13.3%","2.99","7.7","1,622.4/sq mi (626.4/km2)",1961-11-27
"50","Buellton","City","Santa Barbara",5161,"4,828","+6.9%","1.58","4.1","3,266.5/sq mi (1,261.2/km2)",1992-02-01
"51","Buena Park","City","Orange",84034,"80,530","+4.4%","10.53","27.3","7,980.4/sq mi (3,081.3/km2)",1953-01-27
"52","Burbank","City","Los Angeles",107337,"103,340","+3.9%","17.32","44.9","6,197.3/sq mi (2,392.8/km2)",1911-07-08
"53","Burlingame","City","San Mateo",31386,"28,806","+9.0%","4.39","11.4","7,149.4/sq mi (2,760.4/km2)",1908-06-06
"54","Calabasas","City","Los Angeles",23241,"23,058","+0.8%","13.71","35.5","1,695.2/sq mi (654.5/km2)",1991-04-05
"55","Calexico","City","Imperial",38633,"38,572","+0.2%","8.62","22.3","4,481.8/sq mi (1,730.4/km2)",1908-04-16
"56","California City","City","Kern",14973,"14,120","+6.0%","203.61","527.3","73.5/sq mi (28.4/km2)",1965-12-10
"57","Calimesa","City","Riverside",10026,"7,879","+27.2%","14.86","38.5","674.7/sq mi (260.5/km2)",1990-12-01
"58","Calipatria","City","Imperial",6515,"7,705","−15.4%","3.70","9.6","1,760.8/sq mi (679.9/km2)",1919-02-28
"59","Calistoga","City","Napa",5228,"5,155","+1.4%","2.58","6.7","2,026.4/sq mi (782.4/km2)",1886-01-06
"60","Camarillo","City","Ventura",70741,"65,201","+8.5%","19.69","51.0","3,592.7/sq mi (1,387.2/km2)",1964-03-28
"61","Campbell","City","Santa Clara",43959,"39,349","+11.7%","6.08","15.7","7,230.1/sq mi (2,791.6/km2)",1952-03-28
"62","Canyon Lake","City","Riverside",11082,"10,561","+4.9%","3.92","10.2","2,827.0/sq mi (1,091.5/km2)",1990-12-01
"63","Capitola","City","Santa Cruz",9938,"9,918","+0.2%","1.59","4.1","6,250.3/sq mi (2,413.3/km2)",1949-01-11
"64","Carlsbad","City","San Diego",114746,"105,328","+8.9%","37.77","97.8","3,038.0/sq mi (1,173.0/km2)",1952-07-16
"65","Carmel-by-the-Sea","City","Monterey",3220,"3,722","−13.5%","1.06","2.7","3,037.7/sq mi (1,172.9/km2)",1916-10-31
"66","Carpinteria","City","Santa Barbara",13264,"13,040","+1.7%","2.59","6.7","5,121.2/sq mi (1,977.3/km2)",1965-09-28
"67","Carson","City","Los Angeles",95558,"91,714","+4.2%","18.73","48.5","5,101.9/sq mi (1,969.8/km2)",1968-02-20
"68","Cathedral City","City","Riverside",51493,"51,200","+0.6%","22.49","58.2","2,289.6/sq mi (884.0/km2)",1981-11-16
"69","Ceres","City","Stanislaus",49302,"45,417","+8.6%","9.50","24.6","5,189.7/sq mi (2,003.7/km2)",1918-02-25
"70","Cerritos","City","Los Angeles",49578,"49,041","+1.1%","8.73","22.6","5,679.0/sq mi (2,192.7/km2)",1956-04-24
"71","Chico","City","Butte",101475,"86,187","+17.7%","34.14","88.4","2,972.3/sq mi (1,147.6/km2)",1872-01-08
"72","Chino","City","San Bernardino",91403,"77,983","+17.2%","29.61","76.7","3,086.9/sq mi (1,191.9/km2)",1910-02-28
"73","Chino Hills","City","San Bernardino",78411,"74,799","+4.8%","44.65","115.6","1,756.1/sq mi (678.0/km2)",1991-12-01
"74","Chowchilla","City","Madera",19039,"18,720","+1.7%","11.09","28.7","1,716.8/sq mi (662.8/km2)",1923-02-07
"75","Chula Vista","City","San Diego",275487,"243,916","+12.9%","49.64","128.6","5,549.7/sq mi (2,142.8/km2)",1911-11-28
"76","Citrus Heights","City","Sacramento",87583,"83,301","+5.1%","14.22","36.8","6,159.1/sq mi (2,378.1/km2)",1997-01-01
"77","Claremont","City","Los Angeles",37266,"34,926","+6.7%","13.34","34.6","2,793.6/sq mi (1,078.6/km2)",1907-10-03
"78","Clayton","City","Contra Costa",11070,"10,897","+1.6%","3.84","9.9","2,882.8/sq mi (1,113.1/km2)",1964-03-18
"79","Clearlake","City","Lake",16685,"15,250","+9.4%","10.13","26.2","1,647.1/sq mi (635.9/km2)",1980-11-14
"80","Cloverdale","City","Sonoma",8996,"8,618","+4.4%","3.14","8.1","2,865.0/sq mi (1,106.2/km2)",1872-02-28
"81","Clovis","City","Fresno",120124,"95,631","+25.6%","25.42","65.8","4,725.6/sq mi (1,824.6/km2)",1912-02-27
"82","Coachella","City","Riverside",41941,"40,704","+3.0%","30.08","77.9","1,394.3/sq mi (538.3/km2)",1946-12-13
"83","Coalinga","City","Fresno",17590,"13,380","+31.5%","6.85","17.7","2,567.9/sq mi (991.5/km2)",1906-04-03
"84","Colfax","City","Placer",1995,"1,963","+1.6%","1.41","3.7","1,414.9/sq mi (546.3/km2)",1910-02-23
"85","Colma","Town","San Mateo",1507,"1,792","−15.9%","1.89","4.9","797.4/sq mi (307.9/km2)",1924-08-05
"86","Colton","City","San Bernardino",53909,"52,154","+3.4%","15.55","40.3","3,466.8/sq mi (1,338.5/km2)",1887-07-11
"87","Colusa†","City","Colusa",6411,"5,971","+7.4%","3.42","8.9","1,874.6/sq mi (723.8/km2)",1868-06-16
"88","Commerce","City","Los Angeles",12378,"12,823","−3.5%","6.53","16.9","1,895.6/sq mi (731.9/km2)",1960-01-28
"89","Compton","City","Los Angeles",95740,"96,455","−0.7%","10.03","26.0","9,545.4/sq mi (3,685.5/km2)",1888-05-11
"90","Concord","City","Contra Costa",125410,"122,067","+2.7%","30.55","79.1","4,105.1/sq mi (1,585.0/km2)",1905-02-09
"91","Corcoran","City","Kings",22339,"24,813","−10.0%","7.46","19.3","2,994.5/sq mi (1,156.2/km2)",1914-08-11
"92","Corning","City","Tehama",8244,"7,663","+7.6%","3.55","9.2","2,322.3/sq mi (896.6/km2)",1907-08-06
"93","Corona","City","Riverside",157136,"152,374","+3.1%","39.94","103.4","3,934.3/sq mi (1,519.0/km2)",1896-07-13
"94","Coronado","City","San Diego",20192,"18,912","+6.8%","7.81","20.2","2,585.4/sq mi (998.2/km2)",1890-12-11
"95","Corte Madera","Town","Marin",10222,"9,253","+10.5%","3.16","8.2","3,234.8/sq mi (1,249.0/km2)",1916-06-10
"96","Costa Mesa","City","Orange",111918,"109,960","+1.8%","15.81","40.9","7,078.9/sq mi (2,733.2/km2)",1953-06-29
"97","Cotati","City","Sonoma",7584,"7,265","+4.4%","1.87","4.8","4,055.6/sq mi (1,565.9/km2)",1963-07-16
"98","Covina","City","Los Angeles",51268,"47,796","+7.3%","7.04","18.2","7,282.4/sq mi (2,811.7/km2)",1901-08-14
"99","Crescent City†","City","Del Norte",6673,"7,643","−12.7%","1.96","5.1","3,404.6/sq mi (1,314.5/km2)",1854-04-13
"100","Cudahy","City","Los Angeles",22811,"23,805","−4.2%","1.18","3.1","19,331.4/sq mi (7,463.9/km2)",1960-11-10
"101","Culver City","City","Los Angeles",40779,"38,883","+4.9%","5.11","13.2","7,980.2/sq mi (3,081.2/km2)",1917-09-07
"102","Cupertino","City","Santa Clara",60381,"58,302","+3.6%","11.33","29.3","5,329.3/sq mi (2,057.7/km2)",1955-10-10
"103","Cypress","City","Orange",50151,"47,802","+4.9%","6.61","17.1","7,587.1/sq mi (2,929.4/km2)",1956-07-24
"104","Daly City","City","San Mateo",104901,"101,123","+3.7%","7.64","19.8","13,730.5/sq mi (5,301.4/km2)",1911-03-22
"105","Dana Point","City","Orange",33107,"33,351","−0.7%","6.49","16.8","5,101.2/sq mi (1,969.6/km2)",1989-01-01
"106","Danville","Town","Contra Costa",43582,"42,039","+3.7%","18.08","46.8","2,410.5/sq mi (930.7/km2)",1982-07-01
"107","Davis","City","Yolo",66850,"65,622","+1.9%","9.97","25.8","6,705.1/sq mi (2,588.9/km2)",1917-03-28
"108","Del Mar","City","San Diego",3954,"4,161","−5.0%","1.72","4.5","2,298.8/sq mi (887.6/km2)",1959-07-15
"109","Del Rey Oaks","City","Monterey",1592,"1,624","−2.0%","1.05","2.7","1,516.2/sq mi (585.4/km2)",1953-09-03
"110","Delano","City","Kern",51428,"53,041","−3.0%","14.72","38.1","3,493.8/sq mi (1,348.9/km2)",1915-04-13
"111","Desert Hot Springs","City","Riverside",32512,"25,938","+25.3%","30.27","78.4","1,074.1/sq mi (414.7/km2)",1963-09-25
"112","Diamond Bar","City","Los Angeles",55072,"55,544","−0.8%","14.87","38.5","3,703.6/sq mi (1,430.0/km2)",1989-04-18
"113","Dinuba","City","Tulare",24563,"21,453","+14.5%","6.51","16.9","3,773.1/sq mi (1,456.8/km2)",1906-01-06
"114","Dixon","City","Solano",18988,"18,351","+3.5%","7.10","18.4","2,674.4/sq mi (1,032.6/km2)",1878-03-30
"115","Dorris","City","Siskiyou",860,"939","−8.4%","0.70","1.8","1,228.6/sq mi (474.4/km2)",1908-12-23
"116","Dos Palos","City","Merced",5798,"4,950","+17.1%","1.35","3.5","4,294.8/sq mi (1,658.2/km2)",1935-05-24
"117","Downey","City","Los Angeles",114355,"111,772","+2.3%","12.41","32.1","9,214.7/sq mi (3,557.8/km2)",1956-12-17
"118","Duarte","City","Los Angeles",21727,"21,321","+1.9%","6.71","17.4","3,238.0/sq mi (1,250.2/km2)",1957-08-22
"119","Dublin","City","Alameda",72589,"46,036","+57.7%","15.23","39.4","4,766.2/sq mi (1,840.2/km2)",1982-02-01
"120","Dunsmuir","City","Siskiyou",1707,"1,650","+3.5%","1.60","4.1","1,066.9/sq mi (411.9/km2)",1909-08-07
"121","East Palo Alto","City","San Mateo",30034,"28,155","+6.7%","2.53","6.6","11,871.1/sq mi (4,583.5/km2)",1983-07-01
"122","Eastvale","City","Riverside[11]",69757,"53,670","+30.0%","12.67","32.8[11]","5,505.7/sq mi (2,125.8/km2)",2010-10-01
"123","El Cajon","City","San Diego",106215,"99,478","+6.8%","14.51","37.6","7,320.1/sq mi (2,826.3/km2)",1912-11-12
"124","El Centro†","City","Imperial",44322,"42,598","+4.0%","11.84","30.7","3,743.4/sq mi (1,445.3/km2)",1908-04-16
"125","El Cerrito","City","Contra Costa",25962,"23,549","+10.2%","3.67","9.5","7,074.1/sq mi (2,731.3/km2)",1917-08-23
"126","El Monte","City","Los Angeles",109450,"113,475","−3.5%","9.56","24.8","11,448.7/sq mi (4,420.4/km2)",1912-11-18
"127","El Segundo","City","Los Angeles",17272,"16,654","+3.7%","5.46","14.1","3,163.4/sq mi (1,221.4/km2)",1917-01-18
"128","Elk Grove","City","Sacramento",176124,"153,015","+15.1%","41.99","108.8","4,194.4/sq mi (1,619.5/km2)",2000-07-01
"129","Emeryville","City","Alameda",12905,"10,080","+28.0%","1.27","3.3","10,161.4/sq mi (3,923.3/km2)",1896-12-08
"130","Encinitas","City","San Diego",62007,"59,518","+4.2%","19.06","49.4","3,253.3/sq mi (1,256.1/km2)",1986-10-01
"131","Escalon","City","San Joaquin",7472,"7,132","+4.8%","2.28","5.9","3,277.2/sq mi (1,265.3/km2)",1957-03-12
"132","Escondido","City","San Diego",151038,"143,911","+5.0%","37.35","96.7","4,043.9/sq mi (1,561.3/km2)",1888-10-08
"133","Etna","City","Siskiyou",678,"737","−8.0%","0.76","2.0","892.1/sq mi (344.4/km2)",1878-03-13
"134","Eureka†","City","Humboldt",26512,"27,191","−2.5%","9.54","24.7","2,779.0/sq mi (1,073.0/km2)",1856-04-18
"135","Exeter","City","Tulare",10321,"10,334","−0.1%","2.46","6.4","4,195.5/sq mi (1,619.9/km2)",1911-03-02
"136","Fairfax","Town","Marin",7605,"7,441","+2.2%","2.23","5.8","3,410.3/sq mi (1,316.7/km2)",1931-03-02
"137","Fairfield†","City","Solano",119881,"105,321","+13.8%","41.59","107.7","2,882.4/sq mi (1,112.9/km2)",1903-12-12
"138","Farmersville","City","Tulare",10397,"10,588","−1.8%","2.20","5.7","4,725.9/sq mi (1,824.7/km2)",1960-10-05
"139","Ferndale","City","Humboldt",1398,"1,371","+2.0%","1.20","3.1","1,165.0/sq mi (449.8/km2)",1893-08-28
"140","Fillmore","City","Ventura",16419,"15,002","+9.4%","3.30","8.5","4,975.5/sq mi (1,921.0/km2)",1914-07-10
"141","Firebaugh","City","Fresno",8096,"7,549","+7.2%","3.52","9.1","2,300.0/sq mi (888.0/km2)",1914-09-17
"142","Folsom","City","Sacramento",80454,"72,203","+11.4%","27.88","72.2","2,885.7/sq mi (1,114.2/km2)",1946-04-20
"143","Fontana","City","San Bernardino",208393,"196,069","+6.3%","43.07","111.6","4,838.5/sq mi (1,868.1/km2)",1952-06-25
"144","Fort Bragg","City","Mendocino",6983,"7,273","−4.0%","2.90","7.5","2,407.9/sq mi (929.7/km2)",1889-08-05
"145","Fort Jones","City","Siskiyou",695,"839","−17.2%","0.60","1.6","1,158.3/sq mi (447.2/km2)",1872-03-16
"146","Fortuna","City","Humboldt",12516,"11,926","+4.9%","5.25","13.6","2,384.0/sq mi (920.5/km2)",1906-01-20
"147","Foster City","City","San Mateo",33805,"30,567","+10.6%","3.79","9.8","8,919.5/sq mi (3,443.8/km2)",1971-04-27
"148","Fountain Valley","City","Orange",57047,"55,313","+3.1%","9.07","23.5","6,289.6/sq mi (2,428.4/km2)",1957-06-13
"149","Fowler","City","Fresno",6700,"5,570","+20.3%","2.53","6.6","2,648.2/sq mi (1,022.5/km2)",1908-06-15
"150","Fremont","City","Alameda",230504,"214,089","+7.7%","78.31","202.8","2,943.5/sq mi (1,136.5/km2)",1956-01-23
"151","Fresno†","City","Fresno",542107,"494,665","+9.6%","115.18","298.3","4,706.6/sq mi (1,817.2/km2)",1885-10-12
"152","Fullerton","City","Orange",143617,"135,161","+6.3%","22.42","58.1","6,405.8/sq mi (2,473.3/km2)",1904-02-15
"153","Galt","City","Sacramento",25383,"23,647","+7.3%","7.15","18.5","3,550.1/sq mi (1,370.7/km2)",1946-08-16
"154","Garden Grove","City","Orange",171949,"170,883","+0.6%","17.96","46.5","9,574.0/sq mi (3,696.5/km2)",1956-06-18
"155","Gardena","City","Los Angeles",61027,"58,829","+3.7%","5.83","15.1","10,467.8/sq mi (4,041.6/km2)",1930-09-11
"156","Gilroy","City","Santa Clara",59520,"48,821","+21.9%","16.54","42.8","3,598.5/sq mi (1,389.4/km2)",1870-03-12
"157","Glendale","City","Los Angeles",196543,"191,719","+2.5%","30.48","78.9","6,448.3/sq mi (2,489.7/km2)",1906-02-15
"158","Glendora","City","Los Angeles",52558,"50,073","+5.0%","19.51","50.5","2,693.9/sq mi (1,040.1/km2)",1911-11-13
"159","Goleta","City","Santa Barbara",32690,"29,888","+9.4%","7.85","20.3","4,164.3/sq mi (1,607.9/km2)",2002-02-01
"160","Gonzales","City","Monterey",8647,"8,187","+5.6%","1.91","4.9","4,527.2/sq mi (1,748.0/km2)",1947-01-14
"161","Grand Terrace","City","San Bernardino",13150,"12,040","+9.2%","3.50","9.1","3,757.1/sq mi (1,450.6/km2)",1978-11-30
"162","Grass Valley","City","Nevada",14016,"12,860","+9.0%","5.25","13.6","2,669.7/sq mi (1,030.8/km2)",1893-03-13
"163","Greenfield","City","Monterey",18937,"16,330","+16.0%","2.91","7.5","6,507.6/sq mi (2,512.6/km2)",1947-01-07
"164","Gridley","City","Butte",7421,"6,584","+12.7%","2.09","5.4","3,550.7/sq mi (1,370.9/km2)",1905-11-23
"165","Grover Beach","City","San Luis Obispo",12701,"13,156","−3.5%","2.31","6.0","5,498.3/sq mi (2,122.9/km2)",1959-12-21
"166","Guadalupe","City","Santa Barbara",8057,"7,080","+13.8%","1.31","3.4","6,150.4/sq mi (2,374.7/km2)",1946-08-03
"167","Gustine","City","Merced",6110,"5,520","+10.7%","1.55","4.0","3,941.9/sq mi (1,522.0/km2)",1915-11-11
"168","Half Moon Bay","City","San Mateo",11795,"11,324","+4.2%","6.24","16.2","1,890.2/sq mi (729.8/km2)",1959-07-15
"169","Hanford†","City","Kings",57990,"53,967","+7.5%","17.40","45.1","3,332.8/sq mi (1,286.8/km2)",1891-08-12
"170","Hawaiian Gardens","City","Los Angeles",14149,"14,254","−0.7%","0.95","2.5","14,893.7/sq mi (5,750.5/km2)",1964-04-09
"171","Hawthorne","City","Los Angeles",88083,"84,293","+4.5%","6.09","15.8","14,463.5/sq mi (5,584.4/km2)",1922-07-12
"172","Hayward","City","Alameda",162954,"144,186","+13.0%","45.82","118.7","3,556.4/sq mi (1,373.1/km2)",1876-03-11
"173","Healdsburg","City","Sonoma",11340,"11,254","+0.8%","4.42","11.4","2,565.6/sq mi (990.6/km2)",1867-02-20
"174","Hemet","City","Riverside",89833,"78,657","+14.2%","29.28","75.8","3,068.1/sq mi (1,184.6/km2)",1910-01-20
"175","Hercules","City","Contra Costa",26016,"24,060","+8.1%","6.41","16.6","4,058.7/sq mi (1,567.1/km2)",1900-12-15
"176","Hermosa Beach","City","Los Angeles",19728,"19,506","+1.1%","1.43","3.7","13,795.8/sq mi (5,326.6/km2)",1907-01-14
"177","Hesperia","City","San Bernardino",99818,"90,173","+10.7%","72.68","188.2","1,373.4/sq mi (530.3/km2)",1988-07-01
"178","Hidden Hills","City","Los Angeles",1725,"1,856","−7.1%","1.69","4.4","1,020.7/sq mi (394.1/km2)",1961-01-19
"179","Highland","City","San Bernardino",56999,"53,104","+7.3%","18.57","48.1","3,069.4/sq mi (1,185.1/km2)",1987-11-24
"180","Hillsborough","Town","San Mateo",11387,"10,825","+5.2%","6.17","16.0","1,845.5/sq mi (712.6/km2)",1910-05-05
"181","Hollister†","City","San Benito",41678,"34,928","+19.3%","7.96","20.6","5,235.9/sq mi (2,021.6/km2)",1872-03-26
"182","Holtville","City","Imperial",5605,"5,939","−5.6%","1.15","3.0","4,873.9/sq mi (1,881.8/km2)",1908-07-01
"183","Hughson","City","Stanislaus",7481,"6,640","+12.7%","1.91","4.9","3,916.8/sq mi (1,512.3/km2)",1972-12-09
"184","Huntington Beach","City","Orange",198711,"189,992","+4.6%","27.00","69.9","7,359.7/sq mi (2,841.6/km2)",1909-02-17
"185","Huntington Park","City","Los Angeles",54883,"58,114","−5.6%","3.01","7.8","18,233.6/sq mi (7,040.0/km2)",1906-09-01
"186","Huron","City","Fresno",6206,"6,754","−8.1%","1.60","4.1","3,878.8/sq mi (1,497.6/km2)",1951-05-03
"187","Imperial","City","Imperial",20263,"14,758","+37.3%","6.29","16.3","3,221.5/sq mi (1,243.8/km2)",1904-07-12
"188","Imperial Beach","City","San Diego",26137,"26,324","−0.7%","4.29","11.1","6,092.5/sq mi (2,352.3/km2)",1956-07-18
"189","Indian Wells","City","Riverside",4757,"4,958","−4.1%","14.32","37.1","332.2/sq mi (128.3/km2)",1967-07-14
"190","Indio","City","Riverside",89137,"76,036","+17.2%","33.23","86.1","2,682.4/sq mi (1,035.7/km2)",1930-05-16
"191","City of Industry","City","Los Angeles",264,"219","+20.5%","11.78","30.5","22.4/sq mi (8.7/km2)",1957-06-18
"192","Inglewood","City","Los Angeles",107762,"109,673","−1.7%","9.07","23.5","11,881.1/sq mi (4,587.3/km2)",1908-02-07
"193","Ione","City","Amador",5141,"7,918","−35.1%","4.58","11.9","1,122.5/sq mi (433.4/km2)",1953-03-23
"194","Irvine","City","Orange",307670,"212,375","+44.9%","65.61","169.9","4,689.4/sq mi (1,810.6/km2)",1971-12-28
"195","Irwindale","City","Los Angeles",1472,"1,422","+3.5%","8.83","22.9","166.7/sq mi (64.4/km2)",1957-08-06
"196","Isleton","City","Sacramento",794,"804","−1.2%","0.44","1.1","1,804.5/sq mi (696.7/km2)",1923-05-14
"197","Jackson†","City","Amador",5019,"4,651","+7.9%","3.58","9.3","1,402.0/sq mi (541.3/km2)",1905-12-05
"198","Jurupa Valley","City","Riverside[12]",105053,"95,004","+10.6%","42.94","111.2[12]","2,446.5/sq mi (944.6/km2)",2011-07-01
"199","Kerman","City","Fresno",16016,"13,544","+18.3%","3.27","8.5","4,897.9/sq mi (1,891.1/km2)",1946-07-02
"200","King City","City","Monterey",13332,"12,874","+3.6%","3.80","9.8","3,508.4/sq mi (1,354.6/km2)",1911-02-09
"201","Kingsburg","City","Fresno",12380,"11,382","+8.8%","3.72","9.6","3,328.0/sq mi (1,284.9/km2)",1908-05-29
"202","La Cañada Flintridge","City","Los Angeles",20573,"20,246","+1.6%","8.63","22.4","2,383.9/sq mi (920.4/km2)",1976-11-30
"203","La Habra","City","Orange",63097,"60,239","+4.7%","7.56","19.6","8,346.2/sq mi (3,222.5/km2)",1925-01-20
"204","La Habra Heights","City","Los Angeles",5682,"5,325","+6.7%","6.16","16.0","922.4/sq mi (356.1/km2)",1978-12-04
"205","La Mesa","City","San Diego",61121,"57,065","+7.1%","9.09","23.5","6,724.0/sq mi (2,596.1/km2)",1912-02-16
"206","La Mirada","City","Los Angeles",48008,"48,527","−1.1%","7.82","20.3","6,139.1/sq mi (2,370.3/km2)",1960-03-23
"207","La Palma","City","Orange",15581,"15,568","+0.1%","1.78","4.6","8,753.4/sq mi (3,379.7/km2)",1955-10-26
"208","La Puente","City","Los Angeles",38062,"39,816","−4.4%","3.48","9.0","10,937.4/sq mi (4,222.9/km2)",1956-08-01
"209","La Quinta","City","Riverside",37558,"37,467","+0.2%","35.26","91.3","1,065.2/sq mi (411.3/km2)",1982-05-01
"210","La Verne","City","Los Angeles",31334,"31,063","+0.9%","8.42","21.8","3,721.4/sq mi (1,436.8/km2)",1906-08-20
"211","Lafayette","City","Contra Costa",25391,"23,893","+6.3%","15.02","38.9","1,690.5/sq mi (652.7/km2)",1968-07-29
"212","Laguna Beach","City","Orange",23032,"22,723","+1.4%","8.89","23.0","2,590.8/sq mi (1,000.3/km2)",1927-06-29
"213","Laguna Hills","City","Orange",31374,"30,344","+3.4%","6.55","17.0","4,789.9/sq mi (1,849.4/km2)",1991-12-20
"214","Laguna Niguel","City","Orange",64355,"62,979","+2.2%","14.74","38.2","4,366.0/sq mi (1,685.7/km2)",1989-12-01
"215","Laguna Woods","City","Orange",17644,"16,192","+9.0%","3.34","8.7","5,282.6/sq mi (2,039.6/km2)",1999-03-24
"216","Lake Elsinore","City","Riverside",70265,"51,821","+35.6%","38.24","99.0","1,837.5/sq mi (709.5/km2)",1888-04-09
"217","Lake Forest","City","Orange",85858,"77,264","+11.1%","16.71","43.3","5,138.1/sq mi (1,983.8/km2)",1991-12-20
"218","Lakeport†","City","Lake",5026,"4,753","+5.7%","3.06","7.9","1,642.5/sq mi (634.2/km2)",1888-04-30
"219","Lakewood","City","Los Angeles",82496,"80,048","+3.1%","9.40","24.3","8,776.2/sq mi (3,388.5/km2)",1954-04-16
"220","Lancaster","City","Los Angeles",173516,"156,633","+10.8%","94.27","244.2","1,840.6/sq mi (710.7/km2)",1977-11-22
"221","Larkspur","City","Marin",13064,"11,926","+9.5%","3.00","7.8","4,354.7/sq mi (1,681.3/km2)",1908-03-01
"222","Lathrop","City","San Joaquin",28701,"18,023","+59.2%","19.83","51.4","1,447.4/sq mi (558.8/km2)",1989-07-01
"223","Lawndale","City","Los Angeles",31807,"32,769","−2.9%","1.97","5.1","16,145.7/sq mi (6,233.9/km2)",1959-12-28
"224","Lemon Grove","City","San Diego",27627,"25,320","+9.1%","3.88","10.0","7,120.4/sq mi (2,749.2/km2)",1977-07-01
"225","Lemoore","City","Kings",27038,"24,531","+10.2%","8.81","22.8","3,069.0/sq mi (1,185.0/km2)",1900-07-04
"226","Lincoln","City","Placer",49757,"42,819","+16.2%","24.17","62.6","2,058.6/sq mi (794.8/km2)",1890-08-07
"227","Lindsay","City","Tulare",12659,"11,768","+7.6%","2.72","7.0","4,654.0/sq mi (1,796.9/km2)",1910-02-28
"228","Live Oak","City","Sutter",9106,"8,392","+8.5%","3.12","8.1","2,918.6/sq mi (1,126.9/km2)",1947-01-22
"229","Livermore","City","Alameda",87955,"80,968","+8.6%","26.45","68.5","3,325.3/sq mi (1,283.9/km2)",1876-04-01
"230","Livingston","City","Merced",14172,"13,058","+8.5%","3.68","9.5","3,851.1/sq mi (1,486.9/km2)",1922-09-11
"231","Lodi","City","San Joaquin",66348,"62,134","+6.8%","13.64","35.3","4,864.2/sq mi (1,878.1/km2)",1906-12-06
"232","Loma Linda","City","San Bernardino",24791,"23,261","+6.6%","7.64","19.8","3,244.9/sq mi (1,252.9/km2)",1970-09-29
"233","Lomita","City","Los Angeles",20921,"20,256","+3.3%","1.91","4.9","10,953.4/sq mi (4,229.1/km2)",1964-06-30
"234","Lompoc","City","Santa Barbara",44444,"42,434","+4.7%","11.62","30.1","3,824.8/sq mi (1,476.8/km2)",1888-08-13
"235","Long Beach","City","Los Angeles",466742,"462,257","+1.0%","50.71","131.3","9,204.1/sq mi (3,553.7/km2)",1897-12-13
"236","Loomis","Town","Placer",6836,"6,430","+6.3%","7.27","18.8","940.3/sq mi (363.1/km2)",1984-12-17
"237","Los Alamitos","City","Orange",11780,"11,449","+2.9%","4.01","10.4","2,937.7/sq mi (1,134.2/km2)",1960-03-01
"238","Los Altos","City","Santa Clara",31625,"28,976","+9.1%","6.54","16.9","4,835.6/sq mi (1,867.0/km2)",1952-12-01
"239","Los Altos Hills","Town","Santa Clara",8489,"7,922","+7.2%","9.03","23.4","940.1/sq mi (363.0/km2)",1956-01-27
"240","Los Angeles†","City","Los Angeles",3898747,"3,792,621","+2.8%","469.49","1,216.0","8,304.2/sq mi (3,206.3/km2)",1850-04-04
"241","Los Banos","City","Merced",45532,"35,972","+26.6%","9.99","25.9","4,557.8/sq mi (1,759.8/km2)",1907-05-08
"242","Los Gatos","Town","Santa Clara",33529,"29,413","+14.0%","11.55","29.9","2,902.9/sq mi (1,120.8/km2)",1887-08-10
"243","Loyalton","City","Sierra",740,"769","−3.8%","0.36","0.93","2,055.6/sq mi (793.7/km2)",1901-07-21
"244","Lynwood","City","Los Angeles",67265,"69,772","−3.6%","4.84","12.5","13,897.7/sq mi (5,365.9/km2)",1921-07-21
"245","Madera†","City","Madera",66224,"61,416","+7.8%","16.48","42.7","4,018.4/sq mi (1,551.5/km2)",1907-03-27
"246","Malibu","City","Los Angeles",10654,"12,645","−15.7%","19.85","51.4","536.7/sq mi (207.2/km2)",1991-03-28
"247","Mammoth Lakes","Town","Mono",7191,"8,234","−12.7%","24.87","64.4","289.1/sq mi (111.6/km2)",1984-08-20
"248","Manhattan Beach","City","Los Angeles",35506,"35,135","+1.1%","3.93","10.2","9,034.6/sq mi (3,488.3/km2)",1912-12-12
"249","Manteca","City","San Joaquin",83498,"67,096","+24.4%","21.39","55.4","3,903.6/sq mi (1,507.2/km2)",1918-06-05
"250","Maricopa","City","Kern",1026,"1,154","−11.1%","1.57","4.1","653.5/sq mi (252.3/km2)",1911-07-25
"251","Marina","City","Monterey",22359,"19,718","+13.4%","8.91","23.1","2,509.4/sq mi (968.9/km2)",1975-11-13
"252","Martinez†","City","Contra Costa",37287,"35,824","+4.1%","12.63","32.7","2,952.3/sq mi (1,139.9/km2)",1876-04-01
"253","Marysville†","City","Yuba",12844,"12,072","+6.4%","3.46","9.0","3,712.1/sq mi (1,433.3/km2)",1851-02-05
"254","Maywood","City","Los Angeles",25138,"27,395","−8.2%","1.17","3.0","21,485.5/sq mi (8,295.6/km2)",1924-09-02
"255","McFarland","City","Kern",14161,"12,707","+11.4%","2.68","6.9","5,284.0/sq mi (2,040.1/km2)",1957-07-18
"256","Mendota","City","Fresno",12595,"11,014","+14.4%","3.39","8.8","3,715.3/sq mi (1,434.5/km2)",1942-06-17
"257","Menifee","City","Riverside",102527,"77,519","+32.3%","46.48","120.4","2,205.8/sq mi (851.7/km2)",2008-10-01
"258","Menlo Park","City","San Mateo",33780,"32,026","+5.5%","9.99","25.9","3,381.4/sq mi (1,305.6/km2)",1927-11-23
"259","Merced†","City","Merced",86333,"78,958","+9.3%","23.25","60.2","3,713.2/sq mi (1,433.7/km2)",1889-04-01
"260","Mill Valley","City","Marin",14231,"13,903","+2.4%","4.78","12.4","2,977.2/sq mi (1,149.5/km2)",1900-09-01
"261","Millbrae","City","San Mateo",23216,"21,532","+7.8%","3.27","8.5","7,099.7/sq mi (2,741.2/km2)",1948-01-14
"262","Milpitas","City","Santa Clara",80273,"66,790","+20.2%","13.48","34.9","5,955.0/sq mi (2,299.2/km2)",1954-01-26
"263","Mission Viejo","City","Orange",93653,"93,305","+0.4%","17.66","45.7","5,303.1/sq mi (2,047.5/km2)",1988-03-31
"264","Modesto†","City","Stanislaus",218464,"201,165","+8.6%","43.05","111.5","5,074.7/sq mi (1,959.3/km2)",1884-08-06
"265","Monrovia","City","Los Angeles",37931,"36,590","+3.7%","13.63","35.3","2,782.9/sq mi (1,074.5/km2)",1887-12-15
"266","Montague","City","Siskiyou",1226,"1,443","−15.0%","1.78","4.6","688.8/sq mi (265.9/km2)",1909-01-28
"267","Montclair","City","San Bernardino",37865,"36,664","+3.3%","5.53","14.3","6,847.2/sq mi (2,643.7/km2)",1956-04-25
"268","Monte Sereno","City","Santa Clara",3479,"3,341","+4.1%","1.63","4.2","2,134.4/sq mi (824.1/km2)",1957-05-14
"269","Montebello","City","Los Angeles",62640,"62,500","+0.2%","8.33","21.6","7,519.8/sq mi (2,903.4/km2)",1920-10-16
"270","Monterey","City","Monterey",30218,"27,810","+8.7%","8.65","22.4","3,493.4/sq mi (1,348.8/km2)",1890-06-14
"271","Monterey Park","City","Los Angeles",61096,"60,269","+1.4%","7.67","19.9","7,965.6/sq mi (3,075.5/km2)",1916-05-29
"272","Moorpark","City","Ventura",36284,"34,421","+5.4%","12.28","31.8","2,954.7/sq mi (1,140.8/km2)",1983-07-01
"273","Moraga","Town","Contra Costa",16870,"16,016","+5.3%","9.46","24.5","1,783.3/sq mi (688.5/km2)",1974-11-13
"274","Moreno Valley","City","Riverside",208634,"193,365","+7.9%","51.33","132.9","4,064.6/sq mi (1,569.3/km2)",1984-12-03
"275","Morgan Hill","City","Santa Clara",45483,"37,882","+20.1%","12.94","33.5","3,514.9/sq mi (1,357.1/km2)",1906-11-10
"276","Morro Bay","City","San Luis Obispo",10757,"10,234","+5.1%","5.33","13.8","2,018.2/sq mi (779.2/km2)",1964-07-17
"277","Mount Shasta","City","Siskiyou",3223,"3,394","−5.0%","3.77","9.8","854.9/sq mi (330.1/km2)",1905-05-31
"278","Mountain House","City","San Joaquin",24499,"9,675","+153.2%","4.558","11.81","5,374.9/sq mi (2,075.3/km2)",2024-07-01
"279","Mountain View","City","Santa Clara",82376,"74,066","+11.2%","11.96","31.0","6,887.6/sq mi (2,659.3/km2)",1902-11-07
"280","Murrieta","City","Riverside",110949,"103,466","+7.2%","33.61","87.0","3,301.1/sq mi (1,274.6/km2)",1991-07-01
"281","Napa†","City","Napa",79246,"76,915","+3.0%","18.05","46.7","4,390.4/sq mi (1,695.1/km2)",1872-03-23
"282","National City","City","San Diego",56173,"58,582","−4.1%","7.30","18.9","7,694.9/sq mi (2,971.0/km2)",1887-09-17
"283","Needles","City","San Bernardino",4931,"4,844","+1.8%","30.58","79.2","161.2/sq mi (62.3/km2)",1913-10-30
"284","Nevada City†","City","Nevada",3152,"3,068","+2.7%","2.19","5.7","1,439.3/sq mi (555.7/km2)",1856-04-19
"285","Newark","City","Alameda",47529,"42,573","+11.6%","13.92","36.1","3,414.4/sq mi (1,318.3/km2)",1955-09-22
"286","Newman","City","Stanislaus",12351,"10,224","+20.8%","2.06","5.3","5,995.6/sq mi (2,314.9/km2)",1908-06-10
"287","Newport Beach","City","Orange",85239,"85,186","+0.1%","23.79","61.6","3,583.0/sq mi (1,383.4/km2)",1906-09-01
"288","Norco","City","Riverside",26316,"27,063","−2.8%","13.86","35.9","1,898.7/sq mi (733.1/km2)",1964-12-28
"289","Norwalk","City","Los Angeles",102773,"105,549","−2.6%","9.71","25.1","10,584.2/sq mi (4,086.6/km2)",1957-08-26
"290","Novato","City","Marin",53225,"51,904","+2.5%","27.48","71.2","1,936.9/sq mi (747.8/km2)",1960-01-20
"291","Oakdale","City","Stanislaus",23181,"20,675","+12.1%","6.23","16.1","3,720.9/sq mi (1,436.6/km2)",1906-11-24
"292","Oakland†","City","Alameda",440646,"390,724","+12.8%","55.93","144.9","7,878.5/sq mi (3,041.9/km2)",1852-05-04
"293","Oakley","City","Contra Costa",43357,"35,432","+22.4%","15.87","41.1","2,732.0/sq mi (1,054.8/km2)",1999-07-01
"294","Oceanside","City","San Diego",174068,"167,086","+4.2%","41.27","106.9","4,217.8/sq mi (1,628.5/km2)",1888-07-03
"295","Ojai","City","Ventura",7637,"7,461","+2.4%","4.36","11.3","1,751.6/sq mi (676.3/km2)",1921-08-05
"296","Ontario","City","San Bernardino",175265,"163,924","+6.9%","49.97","129.4","3,507.4/sq mi (1,354.2/km2)",1891-12-10
"297","Orange","City","Orange",139911,"134,616","+3.9%","25.67","66.5","5,450.4/sq mi (2,104.4/km2)",1888-04-06
"298","Orange Cove","City","Fresno",9649,"9,078","+6.3%","1.79","4.6","5,390.5/sq mi (2,081.3/km2)",1948-01-20
"299","Orinda","City","Contra Costa",19514,"17,643","+10.6%","12.85","33.3","1,518.6/sq mi (586.3/km2)",1985-07-01
"300","Orland","City","Glenn",8298,"7,291","+13.8%","2.99","7.7","2,775.3/sq mi (1,071.5/km2)",1909-11-11
"301","Oroville†","City","Butte",20042,"15,546","+28.9%","13.83","35.8","1,449.2/sq mi (559.5/km2)",1906-01-03
"302","Oxnard","City","Ventura",202063,"197,899","+2.1%","26.53","68.7","7,616.4/sq mi (2,940.7/km2)",1903-06-30
"303","Pacific Grove","City","Monterey",15090,"15,041","+0.3%","2.87","7.4","5,257.8/sq mi (2,030.1/km2)",1889-07-05
"304","Pacifica","City","San Mateo",38640,"37,234","+3.8%","12.58","32.6","3,071.5/sq mi (1,185.9/km2)",1957-11-22
"305","Palm Desert","City","Riverside",51163,"48,445","+5.6%","26.81","69.4","1,908.4/sq mi (736.8/km2)",1973-11-26
"306","Palm Springs","City","Riverside",44575,"44,552","+0.1%","94.55","244.9","471.4/sq mi (182.0/km2)",1938-04-20
"307","Palmdale","City","Los Angeles",169450,"152,750","+10.9%","106.06","274.7","1,597.7/sq mi (616.9/km2)",1962-08-24
"308","Palo Alto","City","Santa Clara",68572,"64,403","+6.5%","24.10","62.4","2,845.3/sq mi (1,098.6/km2)",1894-04-23
"309","Palos Verdes Estates","City","Los Angeles",13347,"13,438","−0.7%","4.78","12.4","2,792.3/sq mi (1,078.1/km2)",1939-12-20
"310","Paradise","Town","Butte",4764,"26,218","−81.8%","18.32","47.4","260.0/sq mi (100.4/km2)",1979-11-27
"311","Paramount","City","Los Angeles",53733,"54,098","−0.7%","4.73","12.3","11,360.0/sq mi (4,386.1/km2)",1957-01-30
"312","Parlier","City","Fresno",14576,"14,494","+0.6%","2.41","6.2","6,048.1/sq mi (2,335.2/km2)",1921-11-15
"313","Pasadena","City","Los Angeles",138699,"137,122","+1.2%","22.96","59.5","6,040.9/sq mi (2,332.4/km2)",1886-06-19
"314","Paso Robles","City","San Luis Obispo",31490,"29,793","+5.7%","19.65","50.9","1,602.5/sq mi (618.7/km2)",1889-03-11
"315","Patterson","City","Stanislaus",23781,"20,413","+16.5%","7.79","20.2","3,052.8/sq mi (1,178.7/km2)",1919-12-22
"316","Perris","City","Riverside",78700,"68,386","+15.1%","31.53","81.7","2,496.0/sq mi (963.7/km2)",1911-05-26
"317","Petaluma","City","Sonoma",59776,"57,941","+3.2%","14.42","37.3","4,145.4/sq mi (1,600.5/km2)",1858-04-12
"318","Pico Rivera","City","Los Angeles",62088,"62,942","−1.4%","8.32","21.5","7,462.5/sq mi (2,881.3/km2)",1958-01-29
"319","Piedmont","City","Alameda",11270,"10,667","+5.7%","1.70","4.4","6,629.4/sq mi (2,559.6/km2)",1907-01-31
"320","Pinole","City","Contra Costa",19022,"18,390","+3.4%","5.10","13.2","3,729.8/sq mi (1,440.1/km2)",1903-06-25
"321","Pismo Beach","City","San Luis Obispo",8072,"7,655","+5.4%","3.50","9.1","2,306.3/sq mi (890.5/km2)",1946-04-25
"322","Pittsburg","City","Contra Costa",76416,"63,264","+20.8%","17.68","45.8","4,322.2/sq mi (1,668.8/km2)",1903-06-25
"323","Placentia","City","Orange",51824,"50,533","+2.6%","6.61","17.1","7,840.2/sq mi (3,027.1/km2)",1926-12-02
"324","Placerville†","City","El Dorado",10747,"10,389","+3.4%","5.84","15.1","1,840.2/sq mi (710.5/km2)",1854-05-13
"325","Pleasant Hill","City","Contra Costa",34613,"33,152","+4.4%","7.08","18.3","4,888.8/sq mi (1,887.6/km2)",1961-11-14
"326","Pleasanton","City","Alameda",79871,"70,285","+13.6%","24.14","62.5","3,308.7/sq mi (1,277.5/km2)",1894-06-18
"327","Plymouth","City","Amador",1078,"1,005","+7.3%","2.65","6.9","406.8/sq mi (157.1/km2)",1917-02-08
"328","Point Arena","City","Mendocino",460,"449","+2.4%","1.37","3.5","335.8/sq mi (129.6/km2)",1908-07-11
"329","Pomona","City","Los Angeles",151713,"149,058","+1.8%","22.99","59.5","6,599.1/sq mi (2,547.9/km2)",1888-01-06
"330","Port Hueneme","City","Ventura",21954,"21,723","+1.1%","4.42","11.4","4,967.0/sq mi (1,917.8/km2)",1948-03-24
"331","Porterville","City","Tulare",62623,"54,165","+15.6%","18.65","48.3","3,357.8/sq mi (1,296.5/km2)",1902-05-07
"332","Portola","City","Plumas",2100,"2,104","−0.2%","5.41","14.0","388.2/sq mi (149.9/km2)",1946-05-16
"333","Portola Valley","Town","San Mateo",4456,"4,353","+2.4%","9.08","23.5","490.7/sq mi (189.5/km2)",1964-07-14
"334","Poway","City","San Diego",48841,"47,811","+2.2%","39.08","101.2","1,249.8/sq mi (482.5/km2)",1980-12-01
"335","Rancho Cordova","City","Sacramento",79332,"64,776","+22.5%","34.57","89.5","2,294.8/sq mi (886.0/km2)",2003-07-01
"336","Rancho Cucamonga","City","San Bernardino",174453,"165,269","+5.6%","40.11","103.9","4,349.4/sq mi (1,679.3/km2)",1977-11-30
"337","Rancho Mirage","City","Riverside",16999,"17,218","−1.3%","25.35","65.7","670.6/sq mi (258.9/km2)",1973-08-03
"338","Rancho Palos Verdes","City","Los Angeles",42287,"41,643","+1.5%","13.47","34.9","3,139.3/sq mi (1,212.1/km2)",1973-09-07
"339","Rancho Santa Margarita","City","Orange",47949,"47,853","+0.2%","12.90","33.4","3,717.0/sq mi (1,435.1/km2)",2000-01-01
"340","Red Bluff†","City","Tehama",14710,"14,076","+4.5%","7.56","19.6","1,945.8/sq mi (751.3/km2)",1876-03-31
"341","Redding†","City","Shasta",93611,"89,861","+4.2%","59.65","154.5","1,569.3/sq mi (605.9/km2)",1887-10-04
"342","Redlands","City","San Bernardino",73168,"68,747","+6.4%","35.99","93.2","2,033.0/sq mi (784.9/km2)",1888-12-03
"343","Redondo Beach","City","Los Angeles",71576,"66,747","+7.2%","6.21","16.1","11,525.9/sq mi (4,450.2/km2)",1892-04-29
"344","Redwood City†","City","San Mateo",84292,"76,815","+9.7%","19.34","50.1","4,358.4/sq mi (1,682.8/km2)",1867-05-11
"345","Reedley","City","Fresno",25227,"24,194","+4.3%","5.51","14.3","4,578.4/sq mi (1,767.7/km2)",1913-02-18
"346","Rialto","City","San Bernardino",104026,"99,171","+4.9%","24.09","62.4","4,318.2/sq mi (1,667.3/km2)",1911-11-17
"347","Richmond","City","Contra Costa",116448,"103,701","+12.3%","30.05","77.8","3,875.1/sq mi (1,496.2/km2)",1905-08-07
"348","Ridgecrest","City","Kern",27959,"27,616","+1.2%","20.86","54.0","1,340.3/sq mi (517.5/km2)",1963-11-29
"349","Rio Dell","City","Humboldt",3379,"3,368","+0.3%","2.28","5.9","1,482.0/sq mi (572.2/km2)",1965-02-23
"350","Rio Vista","City","Solano",10005,"7,360","+35.9%","6.60","17.1","1,515.9/sq mi (585.3/km2)",1894-01-06
"351","Ripon","City","San Joaquin",16013,"14,297","+12.0%","5.33","13.8","3,004.3/sq mi (1,160.0/km2)",1945-11-27
"352","Riverbank","City","Stanislaus",24865,"22,678","+9.6%","4.71","12.2","5,279.2/sq mi (2,038.3/km2)",1922-08-23
"353","Riverside†","City","Riverside",314998,"303,871","+3.7%","81.23","210.4","3,877.9/sq mi (1,497.2/km2)",1883-10-11
"354","Rocklin","City","Placer",71601,"56,974","+25.7%","19.81","51.3","3,614.4/sq mi (1,395.5/km2)",1893-02-24
"355","Rohnert Park","City","Sonoma",44390,"40,971","+8.3%","7.29","18.9","6,089.2/sq mi (2,351.0/km2)",1962-08-28
"356","Rolling Hills","City","Los Angeles",1739,"1,860","−6.5%","2.99","7.7","581.6/sq mi (224.6/km2)",1957-01-24
"357","Rolling Hills Estates","City","Los Angeles",8280,"8,067","+2.6%","3.58","9.3","2,312.8/sq mi (893.0/km2)",1957-09-18
"358","Rosemead","City","Los Angeles",51185,"53,764","−4.8%","5.16","13.4","9,919.6/sq mi (3,830.0/km2)",1959-08-04
"359","Roseville","City","Placer",147773,"118,788","+24.4%","44.08","114.2","3,352.4/sq mi (1,294.4/km2)",1909-04-10
"360","Ross","Town","Marin",2338,"2,415","−3.2%","1.56","4.0","1,498.7/sq mi (578.7/km2)",1908-08-21
"361","Sacramento‡","City","Sacramento",524943,"466,488","+12.5%","98.61","255.4","5,323.4/sq mi (2,055.4/km2)",1850-02-27
"362","St. Helena","City","Napa",5430,"5,814","−6.6%","4.96","12.8","1,094.8/sq mi (422.7/km2)",1876-03-24
"363","Salinas†","City","Monterey",163542,"150,441","+8.7%","23.52","60.9","6,953.3/sq mi (2,684.7/km2)",1874-03-04
"364","San Anselmo","Town","Marin",12830,"12,336","+4.0%","2.68","6.9","4,787.3/sq mi (1,848.4/km2)",1907-04-09
"365","San Bernardino†","City","San Bernardino",222101,"209,924","+5.8%","62.13","160.9","3,574.8/sq mi (1,380.2/km2)",1869-08-10
"366","San Bruno","City","San Mateo",43908,"41,114","+6.8%","5.49","14.2","7,997.8/sq mi (3,088.0/km2)",1914-12-23
"367","San Carlos","City","San Mateo",30722,"28,406","+8.2%","5.41","14.0","5,678.7/sq mi (2,192.6/km2)",1925-07-08
"368","San Clemente","City","Orange",64293,"63,522","+1.2%","18.36","47.6","3,501.8/sq mi (1,352.1/km2)",1928-02-28
"369","San Diego†","City","San Diego",1386932,"1,307,402","+6.1%","325.88","844.0","4,256.0/sq mi (1,643.2/km2)",1850-03-27
"370","San Dimas","City","Los Angeles",34924,"33,371","+4.7%","15.03","38.9","2,323.6/sq mi (897.2/km2)",1960-08-04
"371","San Fernando","City","Los Angeles",23946,"23,645","+1.3%","2.37","6.1","10,103.8/sq mi (3,901.1/km2)",1911-08-31
"372","San Francisco†","City and county","San Francisco",873965,"805,235","+8.5%","46.91","121.5","18,630.7/sq mi (7,193.3/km2)",1850-04-15
"373","San Gabriel","City","Los Angeles",39568,"39,718","−0.4%","4.14","10.7","9,557.5/sq mi (3,690.2/km2)",1913-04-24
"374","San Jacinto","City","Riverside",53898,"44,199","+21.9%","25.96","67.2","2,076.2/sq mi (801.6/km2)",1888-04-20
"375","San Joaquin","City","Fresno",3701,"4,001","−7.5%","1.20","3.1","3,084.2/sq mi (1,190.8/km2)",1920-02-14
"376","San Jose†","City","Santa Clara",1013240,"945,942","+7.1%","178.26","461.7","5,684.1/sq mi (2,194.6/km2)",1850-03-27
"377","San Juan Bautista","City","San Benito",2089,"1,862","+12.2%","0.79","2.0","2,644.3/sq mi (1,021.0/km2)",1896-05-04
"378","San Juan Capistrano","City","Orange",35196,"34,593","+1.7%","14.43","37.4","2,439.1/sq mi (941.7/km2)",1961-04-19
"379","San Leandro","City","Alameda",91008,"84,950","+7.1%","13.32","34.5","6,832.4/sq mi (2,638.0/km2)",1872-03-21
"380","San Luis Obispo†","City","San Luis Obispo",47063,"45,119","+4.3%","13.31","34.5","3,535.9/sq mi (1,365.2/km2)",1856-02-16
"381","San Marcos","City","San Diego",94833,"83,781","+13.2%","24.36","63.1","3,893.0/sq mi (1,503.1/km2)",1963-01-28
"382","San Marino","City","Los Angeles",12513,"13,147","−4.8%","3.77","9.8","3,319.1/sq mi (1,281.5/km2)",1913-04-25
"383","San Mateo","City","San Mateo",105661,"97,207","+8.7%","12.13","31.4","8,702.5/sq mi (3,360.0/km2)",1894-09-04
"384","San Pablo","City","Contra Costa",32127,"29,139","+10.3%","2.62","6.8","12,262.2/sq mi (4,734.5/km2)",1948-04-27
"385","San Rafael†","City","Marin",61271,"57,713","+6.2%","16.59","43.0","3,693.2/sq mi (1,426.0/km2)",1874-02-18
"386","San Ramon","City","Contra Costa",84605,"72,148","+17.3%","18.69","48.4","4,526.8/sq mi (1,747.8/km2)",1983-07-01
"387","Sand City","City","Monterey",325,"334","−2.7%","0.55","1.4","590.9/sq mi (228.2/km2)",1960-05-31
"388","Sanger","City","Fresno",26617,"24,270","+9.7%","5.77","14.9","4,613.0/sq mi (1,781.1/km2)",1911-05-09
"389","Santa Ana†","City","Orange",310227,"324,528","−4.4%","27.34","70.8","11,347.0/sq mi (4,381.1/km2)",1886-06-01
"390","Santa Barbara†","City","Santa Barbara",88665,"88,410","+0.3%","19.51","50.5","4,544.6/sq mi (1,754.7/km2)",1850-04-09
"391","Santa Clara","City","Santa Clara",127647,"116,468","+9.6%","18.28","47.3","6,982.9/sq mi (2,696.1/km2)",1852-07-05
"392","Santa Clarita","City","Los Angeles",228673,"176,320","+29.7%","70.75","183.2","3,232.1/sq mi (1,247.9/km2)",1987-12-15
"393","Santa Cruz†","City","Santa Cruz",62956,"59,946","+5.0%","12.74","33.0","4,941.6/sq mi (1,908.0/km2)",1866-03-31
"394","Santa Fe Springs","City","Los Angeles",19219,"16,223","+18.5%","8.86","22.9","2,169.2/sq mi (837.5/km2)",1957-05-15
"395","Santa Maria","City","Santa Barbara",109707,"99,553","+10.2%","22.81","59.1","4,809.6/sq mi (1,857.0/km2)",1905-09-12
"396","Santa Monica","City","Los Angeles",93076,"89,736","+3.7%","8.41","21.8","11,067.3/sq mi (4,273.1/km2)",1886-11-30
"397","Santa Paula","City","Ventura",30657,"29,321","+4.6%","5.53","14.3","5,543.8/sq mi (2,140.5/km2)",1902-04-22
"398","Santa Rosa†","City","Sonoma",178127,"167,815","+6.1%","42.53","110.2","4,188.3/sq mi (1,617.1/km2)",1868-03-26
"399","Santee","City","San Diego",60037,"53,413","+12.4%","16.54","42.8","3,629.8/sq mi (1,401.5/km2)",1980-12-01
"400","Saratoga","City","Santa Clara",31051,"29,926","+3.8%","12.78","33.1","2,429.7/sq mi (938.1/km2)",1956-10-22
"401","Sausalito","City","Marin",7269,"7,061","+2.9%","1.76","4.6","4,130.1/sq mi (1,594.6/km2)",1893-09-04
"402","Scotts Valley","City","Santa Cruz",12224,"11,580","+5.6%","4.62","12.0","2,645.9/sq mi (1,021.6/km2)",1966-08-02
"403","Seal Beach","City","Orange",25242,"24,168","+4.4%","11.27","29.2","2,239.8/sq mi (864.8/km2)",1915-10-27
"404","Seaside","City","Monterey",32366,"33,025","−2.0%","8.92","23.1","3,628.5/sq mi (1,401.0/km2)",1954-10-13
"405","Sebastopol","City","Sonoma",7521,"7,379","+1.9%","1.88","4.9","4,000.5/sq mi (1,544.6/km2)",1902-06-13
"406","Selma","City","Fresno",24674,"23,219","+6.3%","5.81","15.0","4,246.8/sq mi (1,639.7/km2)",1893-03-15
"407","Shafter","City","Kern",19953,"16,988","+17.5%","38.70","100.2","515.6/sq mi (199.1/km2)",1938-01-20
"408","Shasta Lake","City","Shasta",10371,"10,164","+2.0%","10.92","28.3","949.7/sq mi (366.7/km2)",1993-07-02
"409","Sierra Madre","City","Los Angeles",11268,"10,917","+3.2%","2.95","7.6","3,819.7/sq mi (1,474.8/km2)",1907-02-02
"410","Signal Hill","City","Los Angeles",11848,"11,016","+7.6%","2.19","5.7","5,410.0/sq mi (2,088.8/km2)",1924-04-22
"411","Simi Valley","City","Ventura",126356,"124,237","+1.7%","41.55","107.6","3,041.1/sq mi (1,174.2/km2)",1969-10-10
"412","Solana Beach","City","San Diego",12941,"12,867","+0.6%","3.41","8.8","3,795.0/sq mi (1,465.3/km2)",1986-07-01
"413","Soledad","City","Monterey",24925,"25,738","−3.2%","4.46","11.6","5,588.6/sq mi (2,157.8/km2)",1921-03-09
"414","Solvang","City","Santa Barbara",6126,"5,245","+16.8%","2.43","6.3","2,521.0/sq mi (973.4/km2)",1985-05-01
"415","Sonoma","City","Sonoma",10739,"10,648","+0.9%","2.74","7.1","3,919.3/sq mi (1,513.3/km2)",1883-09-03
"416","Sonora†","City","Tuolumne",5003,"4,903","+2.0%","3.16","8.2","1,583.2/sq mi (611.3/km2)",1851-05-01
"417","South El Monte","City","Los Angeles",19567,"20,116","−2.7%","2.84","7.4","6,889.8/sq mi (2,660.2/km2)",1958-07-30
"418","South Gate","City","Los Angeles",92726,"94,396","−1.8%","7.24","18.8","12,807.5/sq mi (4,945.0/km2)",1923-01-20
"419","South Lake Tahoe","City","El Dorado",21330,"21,403","−0.3%","10.19","26.4","2,093.2/sq mi (808.2/km2)",1965-11-30
"420","South Pasadena","City","Los Angeles",26943,"25,619","+5.2%","3.41","8.8","7,901.2/sq mi (3,050.7/km2)",1888-03-02
"421","South San Francisco","City","San Mateo",66105,"63,632","+3.9%","9.20","23.8","7,185.3/sq mi (2,774.3/km2)",1908-09-19
"422","Stanton","City","Orange",37962,"38,186","−0.6%","3.10","8.0","12,245.8/sq mi (4,728.1/km2)",1956-06-04
"423","Stockton†","City","San Joaquin",320804,"291,707","+10.0%","62.21","161.1","5,156.8/sq mi (1,991.0/km2)",1850-07-23
"424","Suisun City","City","Solano",29518,"28,111","+5.0%","4.01","10.4","7,361.1/sq mi (2,842.1/km2)",1868-10-09
"425","Sunnyvale","City","Santa Clara",155805,"140,081","+11.2%","22.06","57.1","7,062.8/sq mi (2,727.0/km2)",1912-12-24
"426","Susanville†","City","Lassen",16728,"17,947","−6.8%","7.92","20.5","2,112.1/sq mi (815.5/km2)",1900-08-24
"427","Sutter Creek","City","Amador",2646,"2,501","+5.8%","2.70","7.0","980.0/sq mi (378.4/km2)",1913-02-11
"428","Taft","City","Kern",8546,"9,327","−8.4%","15.27","39.5","559.7/sq mi (216.1/km2)",1910-11-07
"429","Tehachapi","City","Kern",12939,"14,414","−10.2%","10.26","26.6","1,261.1/sq mi (486.9/km2)",1909-08-13
"430","Tehama","City","Tehama",435,"418","+4.1%","0.79","2.0","550.6/sq mi (212.6/km2)",1906-07-05
"431","Temecula","City","Riverside",110003,"100,097","+9.9%","37.27","96.5","2,951.5/sq mi (1,139.6/km2)",1989-12-01
"432","Temple City","City","Los Angeles",36494,"35,558","+2.6%","4.00","10.4","9,123.5/sq mi (3,522.6/km2)",1960-05-25
"433","Thousand Oaks","City","Ventura",126966,"126,683","+0.2%","55.26","143.1","2,297.6/sq mi (887.1/km2)",1964-10-07
"434","Tiburon","Town","Marin",9146,"8,962","+2.1%","4.48","11.6","2,041.5/sq mi (788.2/km2)",1964-06-23
"435","Torrance","City","Los Angeles",147067,"145,538","+1.1%","20.52","53.1","7,167.0/sq mi (2,767.2/km2)",1921-05-21
"436","Tracy","City","San Joaquin",93000,"82,922","+12.2%","25.89","67.1","3,592.1/sq mi (1,386.9/km2)",1910-07-22
"437","Trinidad","City","Humboldt",307,"367","−16.3%","0.49","1.3","626.5/sq mi (241.9/km2)",1870-11-07
"438","Truckee","Town","Nevada",16729,"16,180","+3.4%","32.33","83.7","517.4/sq mi (199.8/km2)",1993-03-23
"439","Tulare","City","Tulare",68875,"59,278","+16.2%","20.39","52.8","3,377.9/sq mi (1,304.2/km2)",1888-04-05
"440","Tulelake","City","Siskiyou",902,"1,010","−10.7%","0.41","1.1","2,200.0/sq mi (849.4/km2)",1937-03-01
"441","Turlock","City","Stanislaus",72740,"68,549","+6.1%","16.91","43.8","4,301.6/sq mi (1,660.9/km2)",1908-02-15
"442","Tustin","City","Orange",80276,"75,540","+6.3%","11.16","28.9","7,193.2/sq mi (2,777.3/km2)",1927-09-21
"443","Twentynine Palms","City","San Bernardino",28065,"25,048","+12.0%","58.75","152.2","477.7/sq mi (184.4/km2)",1987-11-23
"444","Ukiah†","City","Mendocino",16607,"16,075","+3.3%","4.78","12.4","3,474.3/sq mi (1,341.4/km2)",1876-03-08
"445","Union City","City","Alameda",70143,"69,516","+0.9%","19.18","49.7","3,657.1/sq mi (1,412.0/km2)",1959-01-26
"446","Upland","City","San Bernardino",79040,"73,732","+7.2%","15.58","40.4","5,073.2/sq mi (1,958.8/km2)",1906-05-15
"447","Vacaville","City","Solano",102386,"92,428","+10.8%","29.87","77.4","3,427.7/sq mi (1,323.5/km2)",1892-08-09
"448","Vallejo","City","Solano",126090,"115,942","+8.8%","30.42","78.8","4,145.0/sq mi (1,600.4/km2)",1868-03-30
"449","Ventura†","City","Ventura",110763,"106,433","+4.1%","21.89","56.7","5,060.0/sq mi (1,953.7/km2)",1866-04-02
"450","Vernon","City","Los Angeles",222,"112","+98.2%","4.98","12.9","44.6/sq mi (17.2/km2)",1905-09-22
"451","Victorville","City","San Bernardino",134810,"115,903","+16.3%","73.71","190.9","1,828.9/sq mi (706.2/km2)",1962-09-21
"452","Villa Park","City","Orange",5843,"5,812","+0.5%","2.08","5.4","2,809.1/sq mi (1,084.6/km2)",1962-01-11
"453","Visalia†","City","Tulare",141384,"124,442","+13.6%","37.94","98.3","3,726.5/sq mi (1,438.8/km2)",1874-02-27
"454","Vista","City","San Diego",98381,"93,834","+4.8%","18.75","48.6","5,247.0/sq mi (2,025.9/km2)",1963-01-28
"455","Walnut","City","Los Angeles",28430,"29,172","−2.5%","8.99","23.3","3,162.4/sq mi (1,221.0/km2)",1959-01-19
"456","Walnut Creek","City","Contra Costa",70127,"64,173","+9.3%","19.76","51.2","3,548.9/sq mi (1,370.3/km2)",1914-10-21
"457","Wasco","City","Kern",27047,"25,545","+5.9%","9.39","24.3","2,880.4/sq mi (1,112.1/km2)",1945-12-22
"458","Waterford","City","Stanislaus",9120,"8,456","+7.9%","2.36","6.1","3,864.4/sq mi (1,492.1/km2)",1969-11-07
"459","Watsonville","City","Santa Cruz",52590,"51,199","+2.7%","6.71","17.4","7,837.6/sq mi (3,026.1/km2)",1868-03-30
"460","Weed","City","Siskiyou",2862,"2,967","−3.5%","4.82","12.5","593.8/sq mi (229.3/km2)",1961-01-25
"461","West Covina","City","Los Angeles",109501,"106,098","+3.2%","16.04","41.5","6,826.7/sq mi (2,635.8/km2)",1923-02-17
"462","West Hollywood","City","Los Angeles",35757,"34,399","+3.9%","1.89","4.9","18,919.0/sq mi (7,304.7/km2)",1984-11-29
"463","West Sacramento","City","Yolo",53915,"48,744","+10.6%","21.47","55.6","2,511.2/sq mi (969.6/km2)",1987-01-01
"464","Westlake Village","City","Los Angeles",8029,"8,270","−2.9%","5.19","13.4","1,547.0/sq mi (597.3/km2)",1981-12-11
"465","Westminster","City","Orange",90911,"89,701","+1.3%","10.04","26.0","9,054.9/sq mi (3,496.1/km2)",1957-03-27
"466","Westmorland","City","Imperial",2014,"2,225","−9.5%","0.59","1.5","3,413.6/sq mi (1,318.0/km2)",1934-06-30
"467","Wheatland","City","Yuba",3712,"3,456","+7.4%","8.12","21.0","457.1/sq mi (176.5/km2)",1874-04-23
"468","Whittier","City","Los Angeles",87306,"85,331","+2.3%","14.65","37.9","5,959.5/sq mi (2,301.0/km2)",1898-02-25
"469","Wildomar","City","Riverside",36875,"32,176","+14.6%","23.70","61.4","1,555.9/sq mi (600.7/km2)",2008-07-01
"470","Williams","City","Colusa",5538,"5,123","+8.1%","4.95","12.8","1,118.8/sq mi (432.0/km2)",1920-05-17
"471","Willits","City","Mendocino",4988,"4,888","+2.0%","2.82","7.3","1,768.8/sq mi (682.9/km2)",1888-11-19
"472","Willows†","City","Glenn",6293,"6,166","+2.1%","2.84","7.4","2,215.8/sq mi (855.5/km2)",1886-01-16
"473","Windsor","Town","Sonoma",26344,"26,801","−1.7%","7.44","19.3","3,540.9/sq mi (1,367.1/km2)",1992-07-01
"474","Winters","City","Yolo",7115,"6,624","+7.4%","2.94","7.6","2,420.1/sq mi (934.4/km2)",1898-02-09
"475","Woodlake","City","Tulare",7419,"7,279","+1.9%","2.61","6.8","2,842.5/sq mi (1,097.5/km2)",1941-09-23
"476","Woodland†","City","Yolo",61032,"55,468","+10.0%","15.32","39.7","3,983.8/sq mi (1,538.2/km2)",1871-02-22
"477","Woodside","Town","San Mateo",5309,"5,287","+0.4%","11.47","29.7","462.9/sq mi (178.7/km2)",1956-11-16
"478","Yorba Linda","City","Orange",68336,"64,234","+6.4%","19.95","51.7","3,425.4/sq mi (1,322.5/km2)",1967-11-02
"479","Yountville","Town","Napa",3436,"2,933","+17.1%","1.49","3.9","2,306.0/sq mi (890.4/km2)",1965-02-04
"480","Yreka†","City","Siskiyou",7807,"7,765","+0.5%","9.99","25.9","781.5/sq mi (301.7/km2)",1857-04-21
"481","Yuba City†","City","Sutter",70117,"64,925","+8.0%","14.98","38.8","4,680.7/sq mi (1,807.2/km2)",1908-01-23
"482","Yucaipa","City","San Bernardino",54542,"51,367","+6.2%","28.27","73.2","1,929.3/sq mi (744.9/km2)",1989-11-27
"483","Yucca Valley","Town","San Bernardino",21738,"20,700","+5.0%","39.83","103.2","545.8/sq mi (210.7/km2)",1991-11-27
